sample_id,ch_410nm,ch_435nm,ch_460nm,ch_485nm,ch_510nm,ch_535nm,ch_560nm,ch_585nm,ch_610nm,ch_645nm,ch_680nm,ch_705nm,ch_730nm,ch_760nm,ch_810nm,ch_860nm,ch_900nm,ch_940nm,pH,class_label,class_name
Fresh_01,0.3149,0.3459,0.4194,0.4957,0.493,0.543,0.6274,0.623,0.6059,0.5963,0.2861,0.536,0.6573,0.6426,0.7483,0.7331,0.6696,0.6594,4.0,0,Fresh
Fresh_02,0.2789,0.2858,0.3811,0.4679,0.5768,0.5618,0.5837,0.5845,0.602,0.6084,0.3087,0.5309,0.6194,0.6951,0.784,0.7498,0.6931,0.6617,4.26,0,Fresh
Fresh_03,0.3063,0.2912,0.3602,0.4559,0.5222,0.5551,0.5765,0.591,0.5756,0.5584,0.2862,0.5817,0.6603,0.6471,0.8097,0.7384,0.6797,0.6684,3.8,0,Fresh
Fresh_04,0.3175,0.3766,0.4268,0.4726,0.4938,0.5313,0.5348,0.633,0.6147,0.5677,0.3354,0.5231,0.675,0.7089,0.7689,0.7477,0.7292,0.6739,4.19,0,Fresh
Fresh_05,0.2989,0.3969,0.3214,0.4747,0.5026,0.541,0.5828,0.5404,0.6134,0.5907,0.3443,0.5345,0.6257,0.6849,0.8275,0.7599,0.6841,0.6654,4.42,0,Fresh
Fresh_06,0.3412,0.3553,0.3907,0.4702,0.4923,0.539,0.6182,0.5912,0.5403,0.5904,0.2881,0.5413,0.6636,0.695,0.8064,0.6893,0.6717,0.6921,4.48,0,Fresh
Fresh_07,0.2424,0.3492,0.4018,0.5239,0.4942,0.559,0.579,0.5649,0.6543,0.6026,0.3237,0.5227,0.6921,0.6579,0.8176,0.8157,0.6703,0.633,3.83,0,Fresh
Fresh_08,0.3512,0.3762,0.4003,0.439,0.5195,0.5133,0.5961,0.5726,0.6386,0.5752,0.2884,0.5234,0.6393,0.7167,0.8313,0.7658,0.7409,0.7262,3.97,0,Fresh
Fresh_09,0.3078,0.3735,0.3629,0.4104,0.5157,0.5589,0.5875,0.6104,0.5996,0.587,0.3088,0.5286,0.706,0.7142,0.7643,0.7697,0.6708,0.6736,4.03,0,Fresh
Fresh_10,0.3231,0.3881,0.4127,0.4782,0.474,0.5544,0.5389,0.5768,0.6464,0.5728,0.3363,0.5661,0.732,0.7028,0.7578,0.749,0.6711,0.6793,3.82,0,Fresh
Fresh_11,0.2679,0.3645,0.3933,0.4714,0.5142,0.5478,0.5546,0.5546,0.6066,0.6057,0.3064,0.5126,0.6552,0.7116,0.7735,0.7546,0.7017,0.6157,4.41,0,Fresh
Fresh_12,0.3262,0.382,0.3712,0.4915,0.5272,0.5319,0.5891,0.6077,0.6207,0.6062,0.3431,0.5502,0.6899,0.7296,0.807,0.7553,0.6654,0.605,3.87,0,Fresh
Fresh_13,0.2854,0.3525,0.4694,0.394,0.5206,0.5016,0.5658,0.6327,0.6219,0.5477,0.2785,0.5704,0.6281,0.7065,0.8014,0.7305,0.7643,0.669,4.31,0,Fresh
Fresh_14,0.3005,0.3633,0.4314,0.4311,0.4867,0.4999,0.5568,0.6498,0.61,0.5705,0.3095,0.5016,0.6784,0.738,0.8113,0.7995,0.6602,0.7053,3.97,0,Fresh
Fresh_15,0.338,0.3288,0.4133,0.4732,0.4722,0.5482,0.4828,0.5693,0.6124,0.5426,0.349,0.5071,0.6368,0.7039,0.8432,0.7069,0.7349,0.6503,4.26,0,Fresh
Fresh_16,0.2939,0.3518,0.4194,0.4538,0.4431,0.5884,0.5615,0.6633,0.6406,0.5821,0.3132,0.5467,0.6354,0.7062,0.8265,0.7361,0.6813,0.6393,4.29,0,Fresh
Fresh_17,0.327,0.3592,0.4244,0.4689,0.4751,0.5332,0.6024,0.6183,0.6194,0.5835,0.3383,0.5323,0.6664,0.6939,0.7935,0.783,0.7248,0.6744,3.87,0,Fresh
Fresh_18,0.3004,0.3779,0.3843,0.4785,0.4928,0.5756,0.5719,0.5816,0.6774,0.612,0.2462,0.5366,0.6861,0.6641,0.8231,0.77,0.679,0.6497,4.18,0,Fresh
Fresh_19,0.3293,0.3456,0.3752,0.4404,0.5124,0.5331,0.5553,0.6073,0.6273,0.5648,0.2859,0.557,0.6066,0.6578,0.7784,0.7436,0.7093,0.6943,4.1,0,Fresh
Fresh_20,0.2909,0.3499,0.3795,0.4486,0.5381,0.5731,0.5948,0.6027,0.5766,0.5547,0.2897,0.5637,0.6521,0.7295,0.8142,0.7516,0.7683,0.6622,4.29,0,Fresh
Fresh_21,0.3646,0.327,0.4262,0.4555,0.5657,0.5258,0.5548,0.582,0.5563,0.5642,0.2772,0.5545,0.6603,0.7563,0.8285,0.7327,0.673,0.6648,4.44,0,Fresh
Fresh_22,0.3223,0.3943,0.421,0.446,0.4978,0.5415,0.5889,0.5671,0.6302,0.5774,0.3083,0.5584,0.5764,0.673,0.7967,0.7483,0.7078,0.6591,4.5,0,Fresh
Fresh_23,0.3002,0.3514,0.3865,0.4687,0.468,0.5457,0.5836,0.6154,0.6413,0.5463,0.254,0.5883,0.66,0.6775,0.8465,0.7535,0.7354,0.652,4.19,0,Fresh
Fresh_24,0.3308,0.355,0.3694,0.4419,0.5447,0.5763,0.567,0.5897,0.5681,0.6233,0.3266,0.5459,0.656,0.6349,0.7854,0.79,0.7294,0.6599,4.46,0,Fresh
Fresh_25,0.2489,0.3483,0.4115,0.449,0.438,0.5473,0.5409,0.6201,0.631,0.5518,0.2846,0.5182,0.6481,0.7287,0.7704,0.7651,0.6841,0.6262,3.92,0,Fresh
Early-Rot_01,0.207,0.2943,0.3517,0.3115,0.4169,0.4613,0.4954,0.5361,0.5455,0.4714,0.3579,0.4974,0.5036,0.5132,0.6512,0.5207,0.4612,0.3642,3.65,1,Early-Rot
Early-Rot_02,0.2673,0.3093,0.4424,0.4136,0.4162,0.4313,0.4318,0.5061,0.4973,0.4473,0.3606,0.4476,0.5706,0.5764,0.5798,0.5744,0.4823,0.4042,3.55,1,Early-Rot
Early-Rot_03,0.2368,0.3475,0.3384,0.3599,0.4619,0.4207,0.4226,0.5282,0.5208,0.4938,0.3692,0.4728,0.5063,0.5312,0.5685,0.5176,0.4551,0.4136,3.74,1,Early-Rot
Early-Rot_04,0.2515,0.2751,0.3581,0.3785,0.4128,0.4328,0.4627,0.5227,0.535,0.4607,0.383,0.5025,0.4699,0.5663,0.5601,0.5471,0.4571,0.3759,3.5,1,Early-Rot
Early-Rot_05,0.2362,0.2908,0.3043,0.4039,0.3858,0.468,0.5635,0.4517,0.5155,0.4778,0.3619,0.5028,0.5532,0.5731,0.5583,0.603,0.4269,0.399,3.76,1,Early-Rot
Early-Rot_06,0.2611,0.2819,0.3526,0.3753,0.455,0.4676,0.4901,0.4876,0.5054,0.477,0.3918,0.4674,0.5287,0.6123,0.6061,0.5202,0.516,0.4178,3.46,1,Early-Rot
Early-Rot_07,0.2297,0.2331,0.3815,0.3547,0.3726,0.4605,0.4728,0.5247,0.5468,0.4929,0.3535,0.4886,0.525,0.5671,0.5538,0.518,0.4953,0.4674,3.52,1,Early-Rot
Early-Rot_08,0.2555,0.3074,0.3362,0.3545,0.4449,0.4343,0.4821,0.4857,0.5344,0.5,0.4111,0.4647,0.5119,0.5206,0.5667,0.5413,0.5027,0.4023,3.63,1,Early-Rot
Early-Rot_09,0.2916,0.3303,0.301,0.3884,0.3882,0.4446,0.4851,0.5251,0.4933,0.4203,0.3854,0.5593,0.5139,0.5514,0.6335,0.5477,0.4865,0.4433,3.29,1,Early-Rot
Early-Rot_10,0.3065,0.3404,0.3978,0.3647,0.3903,0.4562,0.4817,0.5328,0.4692,0.5359,0.3753,0.4672,0.4896,0.5004,0.6047,0.5322,0.4413,0.3911,3.64,1,Early-Rot
Early-Rot_11,0.2049,0.2922,0.3162,0.3755,0.4198,0.4204,0.5041,0.4953,0.5524,0.4347,0.3495,0.4955,0.496,0.5451,0.58,0.5347,0.4597,0.4345,3.65,1,Early-Rot
Early-Rot_12,0.2559,0.2957,0.3328,0.3636,0.419,0.4437,0.4586,0.5032,0.5124,0.5351,0.3005,0.5127,0.5574,0.4878,0.5697,0.5189,0.4378,0.4067,3.59,1,Early-Rot
Early-Rot_13,0.2391,0.2979,0.3646,0.3568,0.4173,0.4609,0.4589,0.4782,0.523,0.4861,0.395,0.4484,0.5095,0.5431,0.6044,0.5018,0.487,0.4376,3.44,1,Early-Rot
Early-Rot_14,0.2176,0.3185,0.3678,0.3707,0.4298,0.4225,0.5077,0.4945,0.5043,0.5215,0.3589,0.4377,0.4733,0.5682,0.5416,0.5826,0.4175,0.4809,3.38,1,Early-Rot
Early-Rot_15,0.2792,0.2991,0.3399,0.4204,0.4847,0.4802,0.4613,0.4875,0.4813,0.493,0.3311,0.4966,0.5802,0.5715,0.5659,0.5458,0.5286,0.4771,3.6,1,Early-Rot
Early-Rot_16,0.1948,0.2616,0.3313,0.3808,0.4355,0.4382,0.4856,0.4773,0.5017,0.4478,0.3523,0.4394,0.4907,0.5816,0.5515,0.609,0.4948,0.4355,3.64,1,Early-Rot
Early-Rot_17,0.2682,0.2544,0.3498,0.3602,0.3693,0.4896,0.4694,0.5073,0.5254,0.48,0.4393,0.4786,0.4733,0.538,0.595,0.546,0.4474,0.4579,3.55,1,Early-Rot
Early-Rot_18,0.2282,0.2926,0.3478,0.3986,0.4253,0.4199,0.4914,0.5183,0.5368,0.5224,0.405,0.4938,0.5179,0.5002,0.5929,0.5362,0.4881,0.3917,3.75,1,Early-Rot
Early-Rot_19,0.2634,0.2936,0.3839,0.3776,0.406,0.4866,0.4378,0.515,0.4887,0.5283,0.3722,0.484,0.5324,0.4921,0.5605,0.5613,0.506,0.4385,3.57,1,Early-Rot
Early-Rot_20,0.2525,0.332,0.3345,0.4223,0.489,0.4491,0.4666,0.5436,0.5674,0.4743,0.3674,0.4715,0.4797,0.5224,0.5499,0.507,0.479,0.437,3.43,1,Early-Rot
Early-Rot_21,0.2179,0.3205,0.345,0.3552,0.4893,0.4401,0.515,0.5486,0.4729,0.4922,0.3645,0.462,0.5367,0.5313,0.5651,0.525,0.4688,0.3948,3.65,1,Early-Rot
Early-Rot_22,0.225,0.3141,0.3334,0.399,0.4261,0.4145,0.5264,0.5539,0.5016,0.4784,0.3886,0.49,0.5398,0.6103,0.5747,0.5061,0.4386,0.4081,3.63,1,Early-Rot
Early-Rot_23,0.2248,0.2998,0.3708,0.3482,0.3156,0.4339,0.5162,0.5103,0.5597,0.456,0.3308,0.4939,0.5272,0.5592,0.608,0.5427,0.4922,0.4515,3.7,1,Early-Rot
Early-Rot_24,0.282,0.3351,0.3915,0.3995,0.415,0.4644,0.5162,0.4755,0.5311,0.4782,0.3809,0.5184,0.5257,0.5514,0.5392,0.5524,0.4994,0.4949,3.67,1,Early-Rot
Early-Rot_25,0.258,0.288,0.3661,0.3814,0.4563,0.4168,0.4853,0.5123,0.5144,0.4779,0.3691,0.4852,0.4657,0.579,0.5656,0.5338,0.491,0.4142,3.21,1,Early-Rot
Severe-Rot_01,0.227,0.218,0.2433,0.3464,0.2766,0.294,0.3932,0.3849,0.3794,0.4213,0.4573,0.3831,0.3416,0.4262,0.3695,0.297,0.3354,0.1879,2.96,2,Severe-Rot
Severe-Rot_02,0.2069,0.2138,0.2387,0.2699,0.3222,0.3531,0.4085,0.3897,0.4252,0.3991,0.4581,0.3931,0.4012,0.4217,0.3638,0.3182,0.2517,0.2297,2.81,2,Severe-Rot
Severe-Rot_03,0.1859,0.2413,0.2573,0.3332,0.2997,0.414,0.3788,0.3571,0.4138,0.3796,0.4752,0.3804,0.3666,0.3433,0.3364,0.2273,0.2325,0.2428,3.08,2,Severe-Rot
Severe-Rot_04,0.1912,0.2344,0.2593,0.2729,0.3121,0.3479,0.4521,0.3993,0.4257,0.4534,0.4237,0.4011,0.3719,0.3974,0.3446,0.278,0.2859,0.1881,3.08,2,Severe-Rot
Severe-Rot_05,0.1629,0.2372,0.302,0.3177,0.3218,0.3406,0.4009,0.4118,0.4369,0.4191,0.4815,0.3839,0.4195,0.4059,0.4123,0.2793,0.3321,0.2259,2.83,2,Severe-Rot
Severe-Rot_06,0.1491,0.2041,0.2786,0.3239,0.409,0.3571,0.352,0.4226,0.3762,0.4169,0.4349,0.4063,0.4127,0.3967,0.378,0.3262,0.2241,0.193,2.95,2,Severe-Rot
Severe-Rot_07,0.1867,0.2514,0.3105,0.2762,0.3524,0.3588,0.3748,0.4265,0.4296,0.3527,0.4943,0.4414,0.3612,0.4119,0.3648,0.3078,0.2635,0.1999,3.19,2,Severe-Rot
Severe-Rot_08,0.1897,0.2113,0.2105,0.2885,0.3153,0.3919,0.313,0.4071,0.3753,0.4096,0.4612,0.3974,0.4042,0.3626,0.3832,0.2788,0.2333,0.2118,2.83,2,Severe-Rot
Severe-Rot_09,0.1823,0.1815,0.2899,0.2752,0.2733,0.3472,0.425,0.4255,0.3995,0.3895,0.4404,0.4623,0.3915,0.4129,0.3809,0.3072,0.2722,0.2141,2.91,2,Severe-Rot
Severe-Rot_10,0.1815,0.1994,0.2561,0.259,0.3143,0.3735,0.3623,0.4003,0.4142,0.4136,0.446,0.4326,0.317,0.4881,0.3239,0.3121,0.2518,0.2393,3.07,2,Severe-Rot
Severe-Rot_11,0.1613,0.2774,0.2543,0.2965,0.3461,0.3749,0.3845,0.4109,0.4821,0.3983,0.456,0.4315,0.4132,0.4356,0.3692,0.2657,0.329,0.1856,2.84,2,Severe-Rot
Severe-Rot_12,0.2102,0.2124,0.2702,0.3331,0.3369,0.3707,0.3295,0.372,0.4414,0.4171,0.4716,0.4191,0.4187,0.3922,0.3536,0.2691,0.2417,0.1707,3.08,2,Severe-Rot
Severe-Rot_13,0.1503,0.1554,0.2408,0.2503,0.3693,0.3903,0.3594,0.4676,0.4395,0.3903,0.375,0.4687,0.3383,0.3506,0.3807,0.3732,0.3215,0.2369,3.13,2,Severe-Rot
Severe-Rot_14,0.1724,0.2318,0.2543,0.3066,0.319,0.3315,0.3539,0.3705,0.4391,0.3815,0.3926,0.4119,0.4254,0.4232,0.3319,0.2524,0.276,0.2152,3.07,2,Severe-Rot
Severe-Rot_15,0.1832,0.18,0.242,0.2996,0.2722,0.3732,0.3794,0.4166,0.4167,0.4409,0.4538,0.3871,0.3837,0.4163,0.3515,0.3012,0.2589,0.2001,3.04,2,Severe-Rot
Severe-Rot_16,0.2145,0.211,0.2517,0.3125,0.3424,0.339,0.4041,0.3832,0.4646,0.3752,0.4572,0.3765,0.4467,0.3629,0.3657,0.278,0.2694,0.2336,2.84,2,Severe-Rot
Severe-Rot_17,0.1813,0.2156,0.2889,0.3563,0.3033,0.3189,0.3774,0.4774,0.3859,0.4492,0.5003,0.3834,0.3971,0.4489,0.3386,0.2939,0.2625,0.1896,2.89,2,Severe-Rot
Severe-Rot_18,0.1624,0.2141,0.2372,0.291,0.3013,0.381,0.4109,0.4033,0.4239,0.4635,0.4148,0.363,0.4008,0.4584,0.3422,0.3518,0.2829,0.1996,3.18,2,Severe-Rot
Severe-Rot_19,0.1962,0.1924,0.2651,0.2476,0.3167,0.3329,0.3579,0.4371,0.4427,0.4183,0.4172,0.3905,0.4164,0.4043,0.4196,0.3118,0.2858,0.2107,2.85,2,Severe-Rot
Severe-Rot_20,0.1951,0.2375,0.2279,0.2633,0.2989,0.3528,0.3826,0.4212,0.3846,0.352,0.5147,0.3661,0.4051,0.4009,0.3575,0.3,0.2685,0.2339,3.17,2,Severe-Rot
Severe-Rot_21,0.1825,0.217,0.2876,0.2813,0.328,0.3697,0.36,0.4298,0.4048,0.3773,0.4661,0.373,0.3808,0.3997,0.3826,0.3142,0.2792,0.2445,3.04,2,Severe-Rot
Severe-Rot_22,0.1605,0.2359,0.1842,0.2919,0.3088,0.3302,0.3952,0.4016,0.3559,0.3806,0.3634,0.4088,0.3885,0.3762,0.3662,0.2615,0.251,0.2325,2.82,2,Severe-Rot
Severe-Rot_23,0.1736,0.2647,0.2645,0.2799,0.3016,0.3509,0.3684,0.4051,0.4148,0.4001,0.4631,0.4357,0.4085,0.3555,0.2734,0.328,0.239,0.2133,2.95,2,Severe-Rot
Severe-Rot_24,0.2162,0.2105,0.2864,0.3129,0.3191,0.3548,0.3683,0.3995,0.4359,0.3761,0.4533,0.3664,0.3502,0.3991,0.2912,0.3618,0.2442,0.2188,2.93,2,Severe-Rot
Severe-Rot_25,0.1748,0.2714,0.2188,0.2416,0.3641,0.3537,0.3599,0.4312,0.3918,0.4548,0.4703,0.3854,0.4447,0.3818,0.3723,0.309,0.3191,0.2668,2.83,2,Severe-Rot
